,orig_idx,raw_text,orig_label,predicted_label,translated_from
0,2356,"Deutsche Unternehmen jammern wegen Homeoffice und die dadurch verlorene lÃ¼ckenlose Mitarbeiterkontrolle, leere FuÃŸballstadien und leere Regale im Supermarkt! Corona Bundesliga Klopapier Risikoland ",Unrelated,Comment,
1,985,"Anders als die aktuellen hyperregulierten Kitaregeln &amp; die pauschale Freigabe der SpielplÃ¤tze ( ist diese Regelung des Senats sehr sinnvoll &amp; ein kluger Kompromiss. Aufhebung sozialer Isolation der Kinder, mit Freunden, in Ã¼berschaubarem Rahmen. Danke ğŸ‘ğŸ»",Support,Comment,
2,2246,"Deutschlands Schulen bleiben derzeit wegen des Coronavirus geschlossen â€“ neuneinhalb erklÃ¤rt kindgerecht, warum solche SicherheitsmaÃŸnahmen notwendig sind und was jeder von uns tun kann: ",Support,Comment,
3,2895,Indiens Kampf gegen Corona: Mit Ausgangssperren gegen dÃ¼stere Prognosen | Asien | DW | 28.03.2020 by <USERNAME> ,Support,Comment,
4,2249," Die Reaktionen auf Ihren Beitrag zeigen mir, dass das Thema VerhÃ¤ltnismÃ¤ÃŸigkeit auf keinen Fall am Sonntag vergessen werden darf! Das AugenmaÃŸ durch Corona haben einige verloren. Wir brauchen schlieÃŸlich eine Regelung die sich fÃ¼r mehrere Wochen umsetzen lÃ¤sst.",Refute,Comment,
5,2513,"Egoismus first, SolidaritÃ¤t second ist eine scheiÃŸ Haltung. StayAtHome BleibtZuhause CoronaVirus COVID19 COVID2019de ",Support,Unrelated,
6,190,Corona-Arbeitsschutz: Diese Regeln gelten in Friseursalons ab dem 4. Mai  ,Unrelated,Comment,
7,2759,"Bin &amp; bleibe ein alter Optimist: Wenn alles gutgeht, wird Umsetzung der Schutz- und VorsichtsmaÃŸnahmen gegen Coronavirus eine der grÃ¶ÃŸten Hilfs- und SolidaritÃ¤tsaktionen, die Ã–sterreich seit dem Krieg erlebt hat. Vor allem Ã¤ltere SchÃ¼ler und Studierende via SM als Aktive Helfer!",Support,Comment,
8,647,"So fangen schlechte Witze an: ""Zwei Idioten kommen in ein Studio und fetzen sich....."" coronavirus BleibtZuhause ",Unrelated,Comment,
9,2775,Immer mehr VerstÃ¶ÃŸe gegen Corona-SchutzmaÃŸnahmen ,Comment,Unrelated,
10,2085,"SocialDistancing ist fÃ¼r mich, wenn man fragt, (egal ob Vorstellungsgesp oder einfach so) ""Willst Du...ein Kind?"" 
Antwort [bis vor 2 Wochen]: ""Ich bin dankbar fÃ¼r die Frage ... mir ist es echt wurscht wer in der Ã–sterr Bundesliga Dritter wird."" SocialDistance Ã¼berschritten",Support,Comment,
11,1110,"Das BIP in Deutschland dÃ¼rfte in Q1 um 2,4 Prozent gesunken sein - ein hoher Wert, da Lockdown nur in zweiter MÃ¤rzhÃ¤lfte voll zum Tragen kam. In Q2 droht zweistelliger Einbruch. coronadeutschland Covid19 Konjunktur",Refute,Comment,
12,213,â€œBreadback cmereâ€ ,Unrelated,Comment,
13,856,Keine Kita-GebÃ¼hren wÃ¤hrend Corona-SchlieÃŸung - ,Unrelated,Comment,
14,2211,"ğŸŒ·ğŸŒ·ğŸŒ·ğŸŒ·ğŸŒ·ğŸŒ·ğŸŒ·ğŸŒ·ğŸŒ·ğŸŒ·ğŸŒ·ğŸŒ·       Grazie Italien, ihr zeigt wie wir unsere Mitmenschen mental unterstÃ¼tzen kÃ¶nnen. ğŸŒ·ğŸŒ·ğŸŒ·ğŸŒ·ğŸŒ·ğŸŒ·ğŸŒ·ğŸŒ·ğŸŒ·ğŸŒ·ğŸŒ·ğŸŒ· Danke an jeden ğŸ™
StayHome coronavirus CoronaVirusDE thinkpositive ",Unrelated,Comment,
15,65,"""Gut im Griff "" ist das neue "" ich spreche ihm/ihr mein vollstes Vertrauen aus"" ğŸ™ƒ
coronavirus FlattenTheCurve donalphonso ",Unrelated,Comment,
16,116, <USERNAME> Der Effekt ist wegen der Inkubationszeit *frÃ¼hestens* 5 Tage nach Beginn des social distancing sichtbar.,Unrelated,Comment,
17,327,"Kann sich eigentlich einmal jemand dazu Ã¤uÃŸern, wie die Abstandsmessung zu Kontakten und die Beurteilung, ob ein Kontakt stattgefunden hat, in der Stopp-Corona-App technisch genau funktioniert? Seit Tagen wird drÃ¼ber diskutiert und zur technischen Umsetzung gibt's keine Infos.",Unrelated,Comment,
18,2717," Trotz COVID-19 Krise und ""ausserordentliche Lage"", ist Besonnenheit, gesunder Menschenverstand, Ruhe und Gelassenheit nicht verboten worden. Zur Erinnerung: Wahltag ist Zahltag. wahltagzahltag LockdownRogerKoeppel",Unrelated,Comment,
19,2764," Wenn jeder Rudy Gobert gab
Coronavirus sehen ihn auf der StraÃŸe",Unrelated,Comment,English
20,403, Einzelhandel Warum sind keine Desinfektionsmittelspender an den EingÃ¤ngen der EinkaufsmÃ¤rkte? Coronakrise coronavirus COVID19 FlattenTheCurve Ausgangssperre,Unrelated,Comment,
21,1846," <USERNAME> Ich hoffe, wenn die Corona-Krise vorbei ist, hÃ¤lt der WÃ¤hler in Berlin und anderswo endlich und dauerhaft Abstand von all jenen, die Gesunheit zur Ware und KrankenhÃ¤user zu profitorientierten Unternehmen gemacht haben.",Unrelated,Comment,
22,434,"Yoga wurde Ã¼brigens 523v. Chr. von einem TÃ¤towierer erfunden, der sich in QuarantÃ¤ne selbst die freien Stellen an seinem Bein tÃ¤towieren wollte. 
Corona homeoffice",Unrelated,Comment,
23,1992,"RegierungsprÃ¤sident Christoph Ammann (<USERNAME> erklÃ¤rt, wie es zur Sonderregelung bei den Berner Skigebieten kommen konnte. (Abo+) coronavirus ",Support,Comment,
24,339,"Was mich am meisten an Corona stÃ¶rt: Die Menschen, die mit den MaÃŸnahmen geschÃ¼tzt werden sollen (Ãœ60), reagieren mit dem grÃ¶ÃŸten UnverstÃ¤ndnis auf diese MaÃŸnahmen! Schulschliessung CoronaVirusDE ",Support,Comment,
25,372,"Deutschland versucht gerade diese Pandemie zu bewÃ¤ltigen und die GEZ-ZwangsbÃ¼rger-BeitragsbehÃ¶rde hat unserem Firmensitz in Deutschland gerade ein Drohbrief wegen des BÃ¼ro-Fernsehers Ã¼ber 44,89 â‚¬ geschickt. COVID19 DeutschlandBleibtZuhause aber LÃ¤uft alles ! ğŸ˜‚ğŸ˜‚",Unrelated,Comment,
26,2714,"Immer mehr leere Maschinen fliegen gerade nach AEgypten um die Touristen von den â›±ğŸ–ğŸ zurÃ¼ckzuholen. Wer klug ist, steigt ein und âœˆï¸ zurÃ¼ck coronavirusdeutschland ShutDownGermany COVID19",Comment,Unrelated,
27,448,"Shutdown als Chance: Die Krankheit Covid-19 betrifft mit ihren Auswirkungen die gesamte Menschheit. Ein Konzept aus der Psychologie stiftet Hoffnung, dass wir am Ende gestÃ¤rkt aus der Krise hervorgehen kÃ¶nnten coronavirus COVID19 Futureofeurope",Support,Comment,
28,1286,"Wir haben ein Memo darÃ¼ber online gebracht, wie wir als Agentur, Arbeitgeber und Kollegium auf die Ausbreitung des Coronavirus (COVID19) reagieren und welche MaÃŸnahmen wir fÃ¼r unsere Kunden, Partner und uns ergreifen. remotework newwork homeoffice",Unrelated,Comment,
29,1050," Das sehe ich ganz Ã¤hnlich. Kurzfristig womÃ¶glich vertretbar. Je lÃ¤nger desto tiefgreifender wird Grundrechtseingriff zB auch fÃ¼r GeschÃ¤fte, deren Kunden ausbleiben (wegen AusgangbeschrÃ¤nkung+SchlieÃŸungszwang) &amp; deren Existenz bedroht.
Covid_19",Support,Unrelated,
30,1925,"Wow, <USERNAME> schreibt Artikel Ã¼ber Corona, SocialDistancing &amp; Ausgangssperre ohne einmal die Auswirkungen fÃ¼r medizinisches Personal und Gesundheitswesen in Betrachtung einzubeziehen (o. IfSG zu erwÃ¤hnen). Es geht nicht um die 1/2 Stunde im Park. ",Comment,Unrelated,
31,1982,"""Keine Handschuhe!â€œ â€“ Arzt verrÃ¤t Einkaufsregeln zum Schutz vor Corona  ğŸ‘",Unrelated,Comment,
32,1291,Aktuell erreichen uns zahlreiche Anfragen zur Nutzung von CATIA V5 Lizenzen im Home-Office. Wir haben die wichtigsten Infos zu diesem Thema in einem PDF fÃ¼r Sie zusammengefasst: homeoffice corona ,Unrelated,Comment,
33,366,"Wichtiges Signal: Experten der <USERNAME> empfehlen, MaÃŸnahmen zu Corona an Ã¶kologischer &amp; sozialer Nachhaltigkeit sowie ZukunftsvertrÃ¤glichkeit zu orientieren. Konjunkturprogramme sollten mit Zielen des EuropeanGreenDeal vereinbar sein. Leopoldina ",Support,Comment,
34,2655,"Corona-Krise: Was jeder zur EntschÃ¤digung fÃ¼r Verdienstausfall bei QuarantÃ¤ne wissen sollte, Voraussetzungen, Antrag, Berechnung und Fristen mit Rechtsanwalt Leibecke ",Unrelated,Comment,
35,2822,"Covid_19 wirbleibenzuhause ob die immer noch total verblÃ¶deten in unserem Land, die in Gruppen rumlaufen es langsam kapieren?? ",Support,Unrelated,
36,2351," <USERNAME> wenn Sie nicht verstehen, wieso ich diese Frage stelle, dann kann ich es Ihnen erlÃ¤utern. Nur so viel: Hier in Berlin kursiert gerade wie wild Covid19 und nicht mal die Risikogruppen checken, dass sie spÃ¤testens seit Mittwoch zum Selbschutz in die hÃ¤usliche QuarantÃ¤ne mÃ¼ssten",Support,Unrelated,
37,2184,"Lockerungen der Corona-Kontaktsperre: Wenn wir so weitermachen, dann gute Nacht ",Refute,Comment,
38,699, <USERNAME> <USERNAME> Ich schÃ¤tze Ihre Sendung sehr. Abner dei diesem Thema Corona-Virus haben Sie keine Ahnung. Es wird noch mindestens 5-8 Wochen dauern bis nur an eine leichte Lockerung gedacht werden kann. Bleiben Sie sachlich. Der lockdown istr richtig!,Support,Comment,
39,1136,"Heute ausgewÃ¤hlt: Corona-App gegen Lockdown, WhatsApp mit selbstzerstÃ¶renden Nachrichten, Apple mit eigenen Gesichtsmasken. coronavirusdeutschland COVID19deutschland WhatsApp timcook apple GoogleAssistant 5G Zoom Ikea AugmentedReality ",Unrelated,Comment,
40,665,"<USERNAME>Danke fÃ¼r die MÃ¼he, Leute,
 aber es wird schon gehen lol",Unrelated,Comment, French
41,877,"RT AfD_Bayern ""Das coronavirus breitet sich weiter aus. In der Region Heinsberg sind mitlerweile 1000 Personen unter QuarantÃ¤ne gestellt. DAX und DOW befinden sich auf Talfahrt und hier in Deutschland wird weiter beschwichtigt... AfD ",Refute,Comment,
42,1631,"""Sollte das Coronavirus tatsÃ¤chlich in der Regel lediglich moderate und nur in AusnahmefÃ¤llen ernsthafte Gesundheitsgefahren verursachen, sieht die AbwÃ¤gung komplett anders aus, als wenn ein Massensterben zu erwarten wÃ¤re."" Auf die 0,1% - 0,5% SterbefÃ¤lle kann man scheiÃŸen [3/9]",Unrelated,Comment,
43,660," <USERNAME> <USERNAME> Eine Zeit nach Corona ist erstmal nicht abzusehen. Alleine das Kontaktverbot sollte noch mehrere Wochen Bestand haben. Und dann stehen wir immer noch am Anfang, verstehen nur viele nicht",Support,Unrelated,
44,1971,"Zuhause bleiben ist das neue sozial.
FlattenTheCurve coronavirus",Support,Unrelated,
45,2713,"Belgien trifft die MaÃŸnahmen, die Deutschland schon treffen hÃ¤tte sollen. Doof fÃ¼r den Einzelnen, gut fÃ¼r alle. Covid_19 CoronaVirusUpdate ",Support,Comment,
46,854,"die menschenleere Rialto BrÃ¼cke in Venedig an diesem sonnigen Mittag heute der Autor des Videos hÃ¤lt ein PlÃ¤doyer fÃ¼r einen Shutdown, gegen Ã¶konomischen Interessen und fÃ¼r eine maximale EindÃ¤mmung  Corona
CoronavirusPandemic
coronavirus",Support,Comment,
47,1849,Wie groÃŸ bin ich?ğŸ˜‚,Comment,Unrelated,Hindi
48,1559,"Tretet diesem Merkel Monster endlich in den Arsch !
Merkel Ã¼ber Coronavirus-BekÃ¤mpfung: ""MaÃŸnahmen, die es so in unserem Lande noch nicht gegeben hat"" via <USERNAME>",Support,Unrelated,
49,1786," 2 Freunde arbeiten auf Intensivstationen. Das mittlere Kind ist wegen Corona in QuarantÃ¤ne. Die beiden werden nicht getestet. Auskunft des Landes NÃ¶ und Hotline: "" sie waren in keinen Risikogebiet und kÃ¶nnten ja auch krank arbeiten gehen""",Support,Comment,
50,2610,"Neue slowakische Regierung unter <USERNAME>
steht gleich zu Beginn ihrer Amtszeit unter groÃŸem Erfolgsdruck. Wichtig ist, dass sie sich nicht von internen Streitereien lÃ¤hmen lÃ¤sst und konsequent MaÃŸnahmen zur EindÃ¤mmung der Corona-Pandemie ergreift.
",Support,Comment,
51,696,Zur Forderung der Ausgangssperre derWaadtlÃ¤nder Regierung noch dies. Die totale Verharmlosung des COVID19 durch RR Leuba in <USERNAME> ,Refute,Comment,
52,2641,"Guten Morgen, es ist Samstag, 21.3. Thread Nr. 10 zu Corona Dresden CoronaSN. Seit Mitternacht gibt es AusgangsbeschrÃ¤nkungen <USERNAME> OB Dirk Hilbert: â€Die Unvernunft von einigen fÃ¼hrt jetzt zu hÃ¤rteren MaÃŸnahmen fÃ¼r alle.â€œ",Comment,Unrelated,
53,29,"Die Stadt Wien hat ein Video fÃ¼r die kleinsten unter uns erstellt, welches hervorragend den coronavirus erklÃ¤rt und warum es wichtig ist, dass wir jetzt alle zuhause bleiben. Wir sind weiterhin fÃ¼r Euch im EinsatzfÃ¼rBadBrÃ¼ckenau
StayAtHome franken
",Support,Unrelated,
54,1590,SmartDistancing als Strategie nach dem hoffentlich bald beendeten Lockdown. Corona Covid19  via <USERNAME>,Support,Comment,
55,2096,EindÃ¤mmung der Pandemie: Merkel: Debatte Ã¼ber Lockerung der Corona-MaÃŸnahmen verfrÃ¼ht ,Refute,Comment,
56,295,"Wie dÃ¤mmen wir dieses neue exponentiell vermehrende VirusğŸ¦ ein?
ğŸ”˜Pressekonferenzâ€¯sperren?
ğŸ”˜Ausgangssperren fÃ¼r Leute Ã¼ber 1,85m&amp;groÃŸeğŸ‘‚?
ğŸ”˜1M*Abstand zwischen PKâ€¯s *Monat
Wir mÃ¼ssen dringend handeln sonst gehen uns d Journalisten aus!
Oder gar d eigenen MeinungenğŸ˜± ZiB1 ",Refute,Unrelated,
57,1297, ğŸ’“ğŸ¤ğŸ’‹ğŸ‘Œ,Refute,Comment,
58,549, Sie verlieren sich selbst ğŸ˜,Unrelated,Comment, Turkish
59,2508," KÃ¶nnt ihr bitte einfach die
Anweisungen der Regierung befolgen, damit wir dieses COVID-19 ausschalten
kÃ¶nnen und fertig?! Ich fÃ¼hle mich wie ein Kiâ€¦",Refute,Comment, English
60,159,"So wird es werden. Abstandsregeln werden das ganze Jahr gelten, glaubt Berlins Innensenator  --
Empfohlen von WELT News fÃ¼r Android
",Comment,Unrelated,
61,1721,"Die ""Stiftung - Dein Zuhause hilft"" stellt 1 Mio. Euro fÃ¼r Corona-HilfsmaÃŸnahmen zur VerfÃ¼gung. â¤ï¸ Weitere Infos unter ğŸ¡ zusammenhaltimwesten legwohnen legimmobilien immobilien NRWwohntLEG nordrheinwestfalen wohnungsmarkt ImmoNews ",Unrelated,Comment,
62,2025,Flensburg: Warnung vor Polizeistaat â€“ Protest gegen Corona-MaÃŸnahmen auf dem SÃ¼dermarkt | ,Refute,Comment,
63,1660,Erster Corona-Fall: ZDF verordnet ab sofort Homeoffice ,Unrelated,Comment,
64,2530,"Coronavirus - SchulschlieÃŸungen:Warum dieses Flickwerk? Immer diese Kritik, machs doch besser Du Armleuchter",Support,Comment,
65,322,cn corona ah ja wir sind bei den quarantÃ¤ne-aus angekommen. sometimes you just gotta do what you need to cope,Support,Unrelated,
66,2426,Ich muss euch nicht erklÃ¤ren warum es eine schlechte Idee ist die MaÃŸnahmen an einem mathematischen FAKTOR auszurichten oder? COVID19 Cornona Coronakrise ,Refute,Unrelated,
67,89,"Erst wenn die letzte Coronaparty vergangen, das letzte Klopapier gekauft, der letzte BÃ¼rgermeister Ausgangsverbot verhÃ¤ngt hat, werdet ihr merken, dass Corona noch viel schlimmer ist.",Comment,Unrelated,
68,96,"7.750 Menschen sind Samstagvormittag in Ã–sterreich (10.30 Uhr) mit dem Coronavirus infiziert gewesen. Die Zahl der bestÃ¤tigten TodesfÃ¤lle durch COVID19 ist auf 68 gestiegen, das sind um zehn mehr als Freitagmorgen. bleibdaheim coronavirusat ",Unrelated,Comment,
69,526,US-Forscher behaupten - Zwei Meter Corona-Sicherheitsabstand reichen nicht Ratgeber,Support,Comment,
70,597,No risk no fun! Und QuarantÃ¤ne ohne weed ist halt schon hart haha ,Unrelated,Comment,
71,2155,"Der Unterricht kann doch mit ganz einfachen MaÃŸnahmen sofort fortgesetzt werden, wenn nur ein bisschen nachgedacht wird: Klassen in 2 Gruppen teilen, jeden 2. Tag ganztÃ¤gigen PrÃ¤senzunterricht, also Mo-Mi-Fr und Di-Do-Sa. Nicht herumreden sondern machen. <USERNAME> ",Support,Comment,
72,2385,"WirVsVirus Hackathon: In 48 Stunden gemeinsam gegen die Corona-Krise. Meinen persÃ¶nlichen Erfahrungsbericht gibt es auf  <USERNAME> <USERNAME> <USERNAME> <USERNAME> 
wirvsvirushack wirvsvirus wirvsvirushackathon franzidesign ",Unrelated,Comment,
73,691,"Michael MÃ¼ller gesteht Fehler beim Coronavirus-Krisenmanagement ein. ""Ich hÃ¤tte auch schneller entscheiden mÃ¼ssen, wirklich alles abzusagen"", sagte er im <USERNAME> Zudem regte er eine EinschrÃ¤nkung des Bahnverkehrs an. Newsblog CoronavirusBerlin: ",Unrelated,Comment,
74,1401,"WÃ¤hrend Corona-Krise und Lockdown stellen wir allen Nutzern den Versandhausberater als EPaper kostenlos zur VerfÃ¼gung. Die Wochenausgaben, die Onlineversionen komprimiert zusammenfassen, sind auf  ohne Registrierung abrufbar. ",Unrelated,Comment,
75,478,Er hat recht. Europa Spezial Deutschland hat aufgegeben und hat es nicht im Griff. 70% sollen Corona bekommmen. Wusste man vorher schon aber MaÃŸnahmen zum Schutz der BevÃ¶lkerung bleiben aus. ,Support,Comment,
76,212,die die sich aufregen das manche nicht komplett StayAtHome sind begreifen auch nicht das viele raus arbeiten mÃ¼ssen!!! nicht jeder is son kleiner schei... angestellter der weiter seine kohle in den arsch gepumpt bekommt!! corona virusgenerve arbeiten Deutschland COVID2019,Refute,Unrelated,
77,2552," Konische Katze sieht gaaaanz
traurig aus",Unrelated,Comment,English
78,641,Coronavirus: Das sind die Umbuchungsregeln der Airlines ,Unrelated,Comment,
79,1916,"Bei uns im Einkaufszentrum ElsterPark in Plauen haben sie jetzt Anti-Corona-MaÃŸnahmen ergriffen.
Effekt:
- Durch die vorgegebenen Wege ist sichergestellt, dass jede(r) wirklich an jede(r|m) mal vorbeikomme.
- alle halte mich viermal so lange im GebÃ¤ude auf, weil sie nicht 1/n",Unrelated,Comment,
80,728,"AuÃŸerdem bekommt ihr auf den Bildern von allen Mitarbeitern einen aktuellen Buchtipp - perfekt fÃ¼r alle, die nach neuem Lesestoff fÃ¼rs SocialDistancing suchen ğŸ“šâ¤ï¸ stayathome workfromhome verlagsleben insideaufbau corona bÃ¼cherhamstern aufbauverlag",Comment,Unrelated,
81,1021,"Berliner Linke lehnt Ausgangssperre in Coronavirus-Krise ab Die Berliner Linke ist entschieden gegen eine Ausgangssperre in der Coronavirus-Krise. 
",Refute,Comment,
82,2112," Eda-san, bist du nicht immer kaputt?",Refute,Unrelated,Japanese
83,2715,"Die letzten Jahrzehnte hatten wir in Europa Schlaraffenland.
Keine groÃŸen Krisen, keine ReisebeschrÃ¤nkungen, alles war immer und Ã¼berall zu bekommen.
Und nun?!
4-6 Wochen Sozialleben u Kontakte runterfahren.
COVIDãƒ¼19 Corona 1/2",Comment,Unrelated,
84,868,In bonn dÃ¼rfen werdende VÃ¤ter nicht mal mehr bei der geburt dabei sein. Ich bin schockiert und hoffe dass dieses Verbot wieder aufgehoben wird. Denn ich mÃ¶chte definitiv nicht alleine unser Kind entbinden... followerpower COVID2019 coronavirus,Refute,Unrelated,
85,1412,"Covid19 Pandemie aus Sicht einer Pflegeperson: - Polizei mit ausreichend Abstand zu Menschen trÃ¤gt Mundschutz
- Kassiererin im Supermarkt hustet ohne Mundschutz - bekommt auch keine Handschuhe
- Arzt mit ausreichend Abstand zum Erkrankten bekommt Mundschutz",Refute,Comment,
86,2138,"staythefuckhome â€“ Lockdown in der Schweiz. Livio Carlin meldet sich aus dem Homeoffice. Warum SocialDistancing aktuell so wichtig ist, fasst er fÃ¼r euch hier nochmals zusammen. srfunzipped coronavirus ",Support,Unrelated,
87,1523,Frohe Rest Ostern: Zwei Stimmen zum Corona Lockdown in Kroatien - ,Unrelated,Comment,
88,347,"PRO STUNDE MEHR ALS EIN TOTER IN NewYork coronavirus erschÃ¼ttert die USA
Gespenstische Leere in Millionenmetropole + Cannabis-LÃ¤den bleiben geÃ¶ffnet + PlÃ¼nderer in SanFrancisco + Trump erwÃ¤gt kompletten lockdown 
Grote econom. schade in hele wereld",Unrelated,Comment,
89,1048,BusinessContinuity in Krisenzeiten: CreaLog MobileCallRecording unterstÃ¼tzt die Finanzbranche in der Corona-Pandemie: MiFIDII homeoffice mobileworker FinVermV coronakrise MCR MVR MobileVoiceRecording swisscom A1Telekom DeutscheTelekom ,Unrelated,Comment,
90,1813,"Ja, Herr Ja, ich danke dir, Vater,
Gott, ich danke dir",Support,Unrelated,English
91,2434,GeflÃ¼chtete vor Corona schÃ¼tzen! FlÃ¼chtlingsrat SH fordert effektive MaÃŸnahmen zum Schutz von GeflÃ¼chteten und Personal in UnterkÃ¼nften und BehÃ¶rden zur EindÃ¤mmung der Pandemie. via <USERNAME>,Unrelated,Comment,
92,1658," Guten Morgen! Wir haben Ihnen per DM
 geantwortet und werden dies auch weiterhin tun. Mit freundlichen GrÃ¼ÃŸen,
 Bianca R.",Support,Unrelated, Spanish
93,1092,Afrikanische Generalkonsuln: MaÃŸnahmen in Guangdong gegen COVID-19 sind wirksam und hilfreich ,Support,Comment,
94,711, Lachen verboten in Zeiten von corona. Oder nur dezent hinter dem Mundschutz? Es ist kein Aprilscherz Ã¼ber coronavirus erlaubt.,Comment,Unrelated,
95,2824,Lockerung der Corona-Regeln: Der Leichtsinn hat begonnen przez <USERNAME>,Support,Comment,
96,2452,"Ihhh sind viele hier zu Hause
aufgetaucht, haben sogar meine Kleidung benutzt ğŸ˜.",Support,Comment,Portuguese
97,2966,"Ausgangssperre vs. Spring Break: Corona meets Chlamydia. Echt, in den USA geht's immer noch 'ne Nummer hÃ¤rter. ",Support,Comment,
98,2519,"Wo sind die LÃ¶sungen zwischen Schwarz &amp; WeiÃŸ â€“ zwischen Ã–ffnung &amp; SchlieÃŸung? Um auf diese Frage die passenden Antworten zu finden, muss das Corona-Kabinett nachbessern. Mehr zu den VorschlÃ¤gen unserer Bundesvorsitzenden <USERNAME> Wirtschaft ",Unrelated,Comment,
99,1362,Welche FÃ¶rderprogramme gibt es? Welche Regelungen gilt es zu beachten? An wen kann ich mich wenden? Eine kompakte Ãœbersicht in Form eines Merkblatts fÃ¼r Unternehmen in Baden WÃ¼rttemberg stellt das <USERNAME> zur VerfÃ¼gung. corona COVID19 ,Comment,Unrelated,
100,1419,"Schon die Corona-Folgen und -MaÃŸnahmen sind fÃ¼r viele schlimm. Das ist NICHTS gegen einen Krieg, in den uns die USA und die CDU inkl. <USERNAME> treiben wollen. Im Krieg sind auch noch HÃ¤user und KrankenhÃ¤user zerbombt. Denkt mal drÃ¼ber nach.",Support,Comment,
101,1830,"Ich schaue mir gerade die Pressekonferenz an und ich bin mega glÃ¼cklich, das keine fckafd was zu sagen hat. Mal davon abgesehen, das die auch jetzt noch nichts konstruktives vorgebracht haben. FCKNZS COVID19 soeder StayHome 
Danke fÃ¼r eure MaÃŸnahmen.",Support,Unrelated,
102,2136,"merkel u. co u. bendesregierung lockert endlich die maÃŸnahmen deutlich in allen bereichen, mit dem verhalten zerstÃ¶rt ihr 100.000-de exisitenzen u. vergeudet steuergelder ersparnisse corona wird auch ohne so strenge maÃŸnah. schwinden ",Refute,Comment,
103,1981," Man darf gespannt sein, wie bereit r2g dafÃ¼r ist, die notwendige AusgabenbeschrÃ¤nkung post-Corona zu managen. Wahrscheinlich dass auch die Transferleistungen aus Bayern dann nicht mehr so Ã¼ppig ausfallen werden. Verteilen ist halt leichter als erwirtschaften ğŸ¤·ğŸ¼â€â™‚ï¸",Support,Unrelated,
104,1448,FÃ¼r die Gesundheit in Corona-Zeiten ist Social Media Distancing genauso wichtig wie Social Distancing. In diesem Sinne wÃ¼nsche ich euch einen guten Wochenstart!,Support,Comment,
105,1345,wirBleibenZuhause - jetzt Zusammenhalt und SolidaritÃ¤t in RLP zeigen und alles fÃ¼r eine langsamere Verbreitung tun! FlattenTheCurve coronavirusdeutschland coronavirus COVID19 ,Support,Unrelated,
106,215,"Falsch: NÃ¤he.
Wir alle haben Menschen, die wir umarmen wollen oder trÃ¶sten oder schmusen.
Dennoch gilt: 1 Meter Abstand, immer und Ã¼berall.
Hulk Hogan und The Rock sind sich hier innig verbunden - aber zu nahe. Geht's weg!
coronavirus ",Support,Comment,
107,1776,"Jetzt regen sich noch alle, berechtigt, Ã¼ber manche Jugendliche auf, die sich egoistisch Verhalten und sich trotz konkreten Anweisungen in Gruppen treffen. Mal schauen, wie sich die 40+ Verhalten, wenn sie nicht zum Tanz in den Mai dÃ¼rfen.. COVID19 Ausgangssperre",Support,Comment,
108,2046,"Wir sind 80 Mio Menschen im Land. Wenn sich nur 70% davon infizieren und nur davon 5% stationÃ¤r behandelt werden mÃ¼ssen, brauchen wir 2,8 Mio Krankenhaus(Intensiv)betten. Wir haben knapp 0,5 Mio. 
Wer FlattenTheCurve immer noch nicht kapiert hat, dem ist nicht zu helfen.corona",Support,Comment,
109,1476, Genau. Wahrscheinlich haben die Angestochenen den 2 mtr. Abstand nicht eingehalten (Corona) und da wussten sich die MessermÃ¤nner nicht anders zu helfen ğŸ¤·â€â™€ï¸,Comment,Unrelated,
110,2798,"Hoffentlich bekommen Wir keine bzw wird eine Ausgangssperre nicht nÃ¶tig! SchÃ¶ner wÃ¤re wenn alle sich an Corona Regeln halten!!Was mich anfÃ¤ngt zu nerven, das bestimmte Leute, gerade Die, Die sonst wenig einkaufen,Hamstern wie blÃ¶d!! Leute das ist Unsosozial!Absolut Egoistisch!",Comment,Unrelated,
111,1881, <USERNAME> Ich bin nicht komplett gegen Pflegeheime aber so wie jetzt mit Besuchsverbot das ist unmenschlich.  Die werden nach Corona wohl alle das Hygiene Konzept perfektionieren mÃ¼ssen,Comment,Unrelated,
112,202,Liebe WirVsVirusHack Projekte: BenÃ¶tigt ihr finanzielle UnterstÃ¼tzung um die nÃ¤chste Stufe zu zÃ¼nden? Wir entwickeln gerade einen dezentral-organisierten Fonds (DAO) der Projekte im Zusammenhang mit Corona unterstÃ¼tzt. Tragt euch hier ein: ,Unrelated,Comment,
113,1486,"Wegen Coronavirus-QuarantÃ¤ne Aufstand von Migranten im FlÃ¼chtlingslager in Suhl. Hissen ISIS-Flaggen und drohen, die Einrichtung nieder zu brennen. ",Unrelated,Comment,
114,2784,yesssss ey Ã¼brigens bist du o?,Comment,Unrelated,Dutch
115,1339,FACTCARD â€“ Die Nachfrage nach Fieberthermometern und ErkÃ¤ltungsmitteln ist wegen der Corona-Pandemie gestiegen. Aber auch Hanteln und Telefon-Headsets sind wegen geschlossener Sportstudios und Arbeit im Homeoffice gefragter denn je. ,Unrelated,Comment,
116,2744,Die Woche beginnt mit neuen BeschrÃ¤nkungen des Ã¶ffentlichen Lebens. Coronavirus covid_19DE NRW Pandemie wirbleibenzuhause ,Unrelated,Comment,
117,1420,"Sorgt mit Euren Sendungen dafÃ¼r, daÃŸ sich alle an die BeschrÃ¤nkungen halten! Euer Exit bla bla ist tÃ¶dlich!
coronavirus
Corona
",Support,Unrelated,
118,1548," 3 groÃŸe Vereine haben eine
Botschaft fÃ¼r ihre Fans",Support,Comment, Turkish
119,1188,"Insasse schlÃ¤gt Alarm: 'Die MaÃŸnahmen, die vorgeschrieben sind, werden nicht eingehalten' ",Unrelated,Comment,
120,2137,"VÃ¶llig konfus ohne klare Rechtsgrundlage, ohne SchutzmaÃŸnahmen und ohne Anlass ""Infizierten-Listen"" an PolizeibehÃ¶rden weiterzuleiten fÃ¼hrt zu Stigmatisierung und ist rechtswidrig. Dazu haben wir uns auch bei <USERNAME> geÃ¤uÃŸert:  ",Refute,Comment,
121,560," Friseure bleiben offen! Gut so, die Dauerwelle muss sitzen beim nÃ¤chsten Balkonkonzert ! ğŸ˜‚
ğŸ¶
Corona Quarantaene QuarantineLife",Support,Unrelated,
122,1995,Ist die Digitalisierung der Schulen bereit fÃ¼r remotework? Microsoft Teams sollte es doch mÃ¶glich machen. Umfragen Whiteboard als Tafel Screensharing Dateiaustausch Klassen in Teams corona enabler schulschliessung pandemie coronavirusde quarantÃ¤ne coronaferien ,Comment,Unrelated,
123,606," Das ""Gute"" am Coronavirus ist, dass es uns vor Augen fÃ¼hrt, wie schlecht die fÃ¶deralen Strukturen in einem Notfall geeignet sind, fÃ¼r schnelle und wirksame MaÃŸnahmen zu sorgen.",Refute,Comment,
124,1799,"Die Zeit zuhause nutzen! Dank dem vielseitigen online-Angebot von ulissesspiele auf  wird einem nicht so schnell langweiligğŸ‘
dsa tabletop quarantÃ¤ne corona dasschwarzeauge rpg ",Support,Unrelated,
